,,,,,,,,,,,,,,,
VARIACIONES PORCENTUALES  MENSUALES DE ÍNDICE DE NIVEL DE ACTIVIDAD REGISTRADA HASTA GRUPOS DE LA CLASIFICACIÓN CIIU-3,,,,,,,,,,,,,,,
Contenido ,,,,,,,,,,,,,,,
,,,,,,,,,,,,,,,
Nivel,CIIU3,DESCRIPCIÓN CIIU3,FEB.20,MAR.20,ABR.20,MAY.20,JUN.20,JUL.20,AGO.20,SEP.20,OCT.20,NOV.20,DIC.20,ENE.21*,FEB.21*
0,0,VARIACIÓN MENSUAL,-10.12,-19.74,-15.89,5.72,24.09,8.71,2.00,4.69,3.04,-0.12,-2.98,-4.23,14.24
1,A,"AGRICULTURA, GANADERÍA, CAZA Y SILVICULTURA.",-1.05,-27.14,20.55,-1.08,13.17,0.49,-0.32,2.26,-0.35,-2.19,1.18,-2.69,12.48
2,A01,"AGRICULTURA, GANADERÍA, CAZA Y ACTIVIDADES DE SERVICIO CONEXAS.",-1.04,-27.08,20.50,-0.97,13.10,0.55,-0.32,2.24,-0.34,-2.26,1.07,-2.68,12.48
3,A011,CULTIVOS EN GENERAL; CULTIVOS DE PRODUCTOS DE MERCADO; HORTICULTURA.,6.14,-10.25,-0.70,1.24,8.79,1.60,0.52,3.84,-3.80,-1.04,2.80,-4.27,8.65
3,A012,CRÍA DE ANIMALES DOMÉSTICOS.,-11.54,-52.72,84.43,-7.63,22.98,3.75,-3.34,2.64,2.98,-5.76,0.77,-6.57,19.28
3,A014,"ACTIVIDADES AGRÍCOLAS Y GANADERAS DE TIPO SERVICIO, EXCEPTO LAS ACTIVIDADES VETERINARIAS.",-4.93,-22.26,19.15,6.21,9.98,-13.28,5.98,-4.54,0.47,3.77,-0.78,4.64,11.35
2,A02,"SILVICULTURA, EXTRACCIÓN DE MADERA Y ACTIVIDADES DE TIPO SERVICIO CONEXAS.",-2.46,-28.53,33.49,-24.36,56.11,-12.15,2.23,11.13,-3.00,18.04,15.26,-23.99,16.69
3,A020,"SILVICULTURA, EXTRACCIÓN DE MADERA Y ACTIVIDADES DE TIPO SERVICIO CONEXAS.",-2.46,-28.53,33.49,-24.36,56.11,-12.15,2.23,11.13,-3.00,18.04,15.26,-23.99,16.69
1,B,PESCA.,20.19,-11.48,17.49,-6.06,2.74,-5.13,-5.54,10.59,19.02,-8.88,-9.81,-20.05,48.74
2,B05,"PESCA, EXPLOTACIÓN DE CRIADEROS DE PECES Y GRANJAS PISCÍCOLAS; ACTIVIDADES DE TIPO SERVICIO RELACIONADAS CON LA PESCA.",20.19,-11.48,17.49,-6.06,2.74,-5.13,-5.54,10.59,19.02,-8.88,-9.81,-20.05,48.74
3,B050,"PESCA, EXPLOTACIÓN DE CRIADEROS DE PECES Y GRANJAS PISCÍCOLAS; ACTIVIDADES DE TIPO SERVICIO RELACIONADAS CON LA PESCA.",20.19,-11.48,17.49,-6.06,2.74,-5.13,-5.54,10.59,19.02,-8.88,-9.81,-20.05,48.74
1,C,EXPLOTACIÓN DE MINAS Y CANTERAS.,4.75,-14.15,-24.99,-34.98,28.71,24.00,22.74,13.88,-6.22,12.73,-51.41,44.06,63.30
2,C11,"EXTRACCIÓN DE PETRÓLEO CRUDO Y DE GAS NATURAL; ACTIVIDADES DE TIPO SERVICIO RELACIONADAS CON LA EXTRACCIÓN DE PETRÓLEO Y DE GAS,",9.62,-22.56,-11.12,-37.14,28.24,16.15,4.25,8.11,2.34,5.33,-47.06,24.09,130.81
3,C111,EXTRACCIÓN DE PETRÓLEO CRUDO Y DE GAS NATURAL.,23.00,-21.93,-10.65,-41.26,30.99,20.55,3.93,5.55,0.38,5.96,-50.89,15.99,161.03
3,C112,"ACTIVIDADES DE TIPO SERVICIO RELACIONADAS CON LA EXTRACCIÓN DE PETRÓLEO Y DE GAS, EXCEPTO LAS ACTIVIDADES DE PROSPECCIÓN.",-44.52,-29.26,-15.87,6.03,11.26,-21.06,-2.21,43.58,22.10,-0.44,-14.65,84.87,1.94
2,C13,EXTRACCIÓN DE MINERALES METALÍFEROS.,-40.20,32.31,-69.93,-17.71,68.23,73.02,77.67,6.49,-33.19,15.15,-54.06,48.14,-25.47
3,C132,"EXTRACCIÓN DE MINERALES METALÍFEROS NO FERROSOS, EXCEPTO MINERALES DE URANIO Y DE TORIO.",-40.20,32.31,-69.93,-17.71,68.23,73.02,77.67,6.49,-33.19,15.15,-54.06,48.14,-25.47
2,C14,EXPLOTACIÓN DE OTRAS MINAS Y CANTERAS.,-6.65,-21.59,-48.79,56.96,65.55,44.60,-17.68,-17.88,12.27,10.92,11.41,-29.74,19.80
3,C141,"EXTRACCIÓN DE PIEDRA, ARENA Y ARCILLA.",-6.65,-21.59,-48.79,56.96,65.55,44.60,-17.68,-17.88,12.27,10.92,11.41,-29.74,19.80
1,D,INDUSTRIAS MANUFACTURERAS.,-4.72,-20.08,-14.99,17.64,16.11,6.01,-2.80,7.83,1.69,-1.77,1.23,-2.61,8.63
2,D15,ELABORACIÓN DE PRODUCTOS ALIMENTICIOS Y DE BEBIDAS.,-5.78,-12.58,-3.67,6.17,4.29,4.25,-4.80,6.86,0.61,-1.24,2.24,-6.19,9.01
3,D151,"PRODUCCIÓN, ELABORACIÓN Y CONSERVACIÓN DE CARNE, PESCADO, FRUTAS, LEGUMBRES, HORTALIZAS, ACEITES Y GRASAS.",0.69,-11.76,0.06,6.77,0.61,5.52,-7.10,6.00,-1.41,1.55,1.22,-7.82,8.44
3,D152,ELABORACIÓN DE PRODUCTOS LÁCTEOS.,1.24,-16.79,-14.59,3.19,12.27,-0.97,0.63,7.58,9.29,-10.75,-0.12,3.42,20.49
3,D153,"ELABORACIÓN DE PRODUCTOS DE MOLINERÍA, ALMIDONES Y PRODUCTOS DERIVADOS DEL ALMIDÓN Y PIENSOS PREPARADOS.",24.73,-1.33,-15.42,-5.54,3.70,1.90,-5.98,5.65,3.74,-3.76,6.84,-7.93,24.45
3,D154,ELABORACIÓN DE OTROS PRODUCTOS ALIMENTICIOS.,-19.90,-10.43,11.75,-1.38,-2.08,9.35,-3.15,3.22,-1.35,3.10,7.65,-16.04,2.57
3,D155,ELABORACIÓN DE BEBIDAS.,-15.32,-22.73,-16.34,25.91,19.62,-0.94,-2.62,14.42,0.11,-5.67,-4.00,2.99,9.26
2,D16,ELABORACIÓN DE PRODUCTOS DE TABACO.,-8.33,-26.17,-33.66,53.37,8.47,2.11,-8.90,13.73,6.90,-7.09,-2.71,41.88,-14.22
3,D160,ELABORACIÓN DE PRODUCTOS DE TABACO.,-8.33,-26.17,-33.66,53.37,8.47,2.11,-8.90,13.73,6.90,-7.09,-2.71,41.88,-14.22
2,D17,FABRICACIÓN DE PRODUCTOS TEXTILES.,-6.16,-44.48,-33.98,67.67,33.54,10.55,6.22,24.15,3.04,5.66,12.71,-11.29,-13.47
3,D171,"HILATURA, TEJEDURA Y ACABADO DE PRODUCTOS TEXTILES.",3.11,-29.30,-42.63,46.59,43.87,12.48,-9.36,17.62,2.17,16.66,7.61,-0.07,-20.02
3,D172,FABRICACIÓN DE OTROS PRODUCTOS TEXTILES.,-2.32,-51.00,-38.76,84.47,42.62,6.70,21.63,25.50,2.81,-0.59,12.86,-13.69,-8.07
3,D173,FABRICACIÓN DE TEJIDOS Y ARTÍCULOS DE PUNTO Y GANCHILLO.,-22.78,-48.85,3.02,50.65,1.71,16.46,-11.14,28.72,9.22,4.73,19.41,-14.84,-14.91
2,D18,FABRICACIÓN DE PRENDAS DE VESTIR; ADOBO Y TEÑIDO DE PIELES.,-18.17,-38.68,-52.12,71.22,57.93,4.34,5.92,18.99,0.20,-2.81,-11.82,19.03,-2.17
3,D181,"FABRICACIÓN DE PRENDAS DE VESTIR, EXCEPTO PRENDAS DE PIEL.",-18.26,-38.55,-55.53,86.84,57.95,5.09,5.86,15.85,1.37,-5.25,-11.64,16.93,-0.18
3,D182,ADOBO Y TEÑIDO DE PIELES; FABRICACIÓN DE ARTÍCULOS DE PIEL.,-20.18,-40.91,2.11,-32.71,58.53,-8.29,7.03,73.59,-13.82,30.93,-3.80,39.11,-26.27
2,D19,"CURTIDO Y ADOBO DE CUEROS; FABRICACIÓN DE MALETAS, BOLSOS DE MANO, ARTÍCULOS DE TALABARTERÍA, GUARNICIONERÍA Y CALZADO.",-7.37,-40.80,-50.72,79.22,123.86,-39.49,14.65,107.18,-35.00,25.30,30.13,-56.54,4.11
3,D191,"CURTIDO Y ADOBO DE CUEROS; FABRICACIÓN DE MALETAS, BOLSOS DE MANO, ARTÍCULOS DE TALABARTERÍA Y GUARNICIONERÍA.",55.37,-28.53,-40.36,75.33,26.55,11.84,-31.08,20.65,-14.78,18.36,7.44,16.15,-13.03
3,D192,FABRICACIÓN DE CALZADO.,-10.80,-41.95,-58.40,77.52,208.86,-54.76,47.33,143.38,-38.43,23.18,33.09,-72.87,24.23
2,D20,PRODUCCIÓN DE MADERA Y FABRICACIÓN DE PRODUCTOS DE MADERA Y DE CORCHO EXCEPTO MUEBLES; FABRICACIÓN DE ARTÍCULOS DE PAJA Y DE MATE,13.92,-25.71,-36.14,24.69,68.66,20.65,-10.30,11.51,-6.29,-7.80,9.32,-3.97,2.63
3,D201,ASERRADO Y ACEPILLADURA DE MADERA.,9.16,-34.08,-6.05,-10.75,16.98,33.46,-24.51,45.73,-20.16,-11.41,-9.01,-25.10,13.29
3,D202,"FABRICACIÓN DE PRODUCTOS DE MADERA, CORCHO, PAJA Y MATERIALES TRENZABLES.",14.20,-25.49,-36.86,25.93,70.36,20.19,-9.73,10.61,-6.04,-7.59,9.82,-4.15,2.68
2,D21,FABRICACIÓN DE PAPEL Y DE PRODUCTOS DE PAPEL.,34.84,-7.40,-4.56,-2.35,2.05,-5.43,4.49,0.69,0.52,-11.01,4.71,-5.22,41.00
3,D210,FABRICACIÓN DE PAPEL Y DE PRODUCTOS DE PAPEL.,34.84,-7.40,-4.56,-2.35,2.05,-5.43,4.49,0.69,0.52,-11.01,4.71,-5.22,41.00
2,D22,ACTIVIDADES DE EDICIÓN E IMPRESIÓN Y DE REPRODUCCIÓN DE GRABACIONES.,-31.83,-25.84,-26.11,19.60,23.08,-4.25,10.62,0.60,45.88,-12.05,4.57,-11.63,10.50
3,D221,ACTIVIDADES DE EDICIÓN.,-52.95,-35.01,-36.99,30.93,45.12,-2.18,2.84,11.22,26.89,24.67,1.11,-29.52,28.24
3,D222,ACTIVIDADES DE IMPRESIÓN Y ACTIVIDADES DE TIPO SERVICIO CONEXAS.,-24.35,-22.23,-21.31,15.35,15.64,-3.72,15.37,0.62,47.05,-22.54,9.19,-9.80,6.55
2,D23,"FABRICACIÓN DE COQUE, PRODUCTOS DE LA REFINACIÓN DE PETRÓLEO Y COMBUSTIBLE NUCLEAR.",6.79,-32.55,-36.03,55.27,60.22,31.88,-8.82,25.46,-18.84,10.19,12.54,-42.99,38.92
3,D232,FABRICACIÓN DE PRODUCTOS DE LA REFINACIÓN DEL PETRÓLEO.,6.79,-32.55,-36.03,55.27,60.22,31.88,-8.82,25.46,-18.84,10.19,12.54,-42.99,38.92
2,D24,FABRICACIÓN DE SUBSTANCIAS Y PRODUCTOS QUÍMICOS.,-3.54,-14.39,-20.50,23.66,19.23,7.14,-4.19,9.52,-4.68,0.19,2.88,-4.01,4.37
3,D241,FABRICACIÓN DE SUSTANCIAS QUÍMICAS BÁSICAS.,9.29,-17.95,-17.78,14.62,16.36,6.79,-0.63,12.22,-3.41,-0.70,-3.64,-1.92,15.71
3,D242,FABRICACIÓN DE OTROS PRODUCTOS QUÍMICOS.,-7.58,-12.93,-21.34,26.46,20.34,7.13,-5.01,8.83,-5.22,0.39,5.01,-4.73,0.69
2,D25,FABRICACIÓN DE PRODUCTOS DE CAUCHO Y DE PLÁSTICO.,7.19,-24.71,-25.07,20.98,45.37,9.64,-6.11,1.84,3.32,0.84,1.64,-0.59,7.22
3,D251,FABRICACIÓN DE PRODUCTOS DE CAUCHO.,2.01,-26.84,-18.64,3.83,39.48,18.49,2.90,-0.42,3.06,1.40,1.43,10.16,-6.98
3,D252,FABRICACIÓN DE PRODUCTOS DE PLÁSTICO.,9.12,-23.87,-27.18,25.37,47.12,7.37,-7.92,2.29,3.51,0.13,1.18,-2.37,11.77
2,D26,FABRICACIÓN DE OTROS PRODUCTOS MINERALES NO METÁLICOS.,-4.78,-35.24,-34.83,52.51,45.15,11.88,-4.69,8.43,1.22,-2.24,3.31,-4.64,11.42
3,D261,FABRICACIÓN DE VIDRIO Y DE PRODUCTOS DE VIDRIO.,-28.32,-37.09,-47.17,29.32,41.71,95.32,-23.70,12.96,8.70,-4.25,-9.52,-8.25,24.02
3,D269,FABRICACIÓN DE PRODUCTOS MINERALES NO METÁLICOS N.C.P.,-3.17,-35.12,-34.00,53.81,45.23,8.36,-3.33,8.05,0.79,-2.19,4.27,-4.38,10.75
2,D27,FABRICACIÓN DE METALES COMUNES.,21.28,-44.59,-77.45,345.44,73.55,17.56,-2.46,12.34,-3.18,0.06,3.80,7.83,-1.39
3,D271,FABRICACIÓN DE PRODUCTOS PRIMARIOS DE HIERRO Y DE ACERO.,25.02,-49.29,-89.04,793.33,92.66,18.49,-3.77,12.95,-3.96,1.66,0.45,12.76,-3.90
3,D272,FABRICACIÓN DE PRODUCTOS PRIMARIOS DE METALES PRECIOSOS Y  DE METALES NO FERROSOS.,-0.29,-22.20,-42.10,90.87,17.41,14.56,4.26,9.64,-0.02,-7.30,22.30,-10.42,7.77
3,D273,FUNDICIONES DE METALES.,0.67,-5.58,0.34,-14.89,21.74,-5.04,-6.17,9.68,-10.00,4.05,-1.55,11.96,0.62
2,D28,"FABRICACIÓN DE PRODUCTOS ELABORADOS DE METAL, EXCEPTO MAQUINARIA Y EQUIPO.",3.16,-31.23,-28.98,55.63,27.74,11.88,-6.21,1.11,-6.27,-4.73,10.84,-0.79,12.43
3,D281,"FABRICACIÓN DE PRODUCTOS METÁLICOS PARA USO ESTRUCTURAL, TANQUES, DEPÓSITOS Y GENERADORES DE VAPOR.",48.99,-33.16,-29.12,101.40,22.86,1.55,-6.01,7.66,-8.42,-8.98,-10.56,1.53,37.45
3,D289,"FABRICACIÓN DE OTROS PRODUCTOS ELABORADOS DE METAL, ACTIVIDADES DE TIPO SERVICIO PRESTADAS A FABRICANTES DE PRODUCTOS ELABORADOS",-12.44,-29.93,-28.76,33.67,30.62,18.41,-5.99,-2.11,-5.56,-1.53,23.42,-1.68,0.30
2,D29,FABRICACIÓN DE MAQUINARIA Y EQUIPO N.C.P.,-33.90,-31.28,-40.48,60.91,52.29,8.90,3.14,5.12,13.55,8.85,-22.91,22.20,2.64
3,D291,FABRICACIÓN DE MAQUINARIA DE USO GENERAL.,-23.35,-10.43,-36.93,23.71,37.83,-0.84,2.62,10.88,1.93,16.74,-13.49,-13.20,29.03
3,D292,FABRICACIÓN DE MAQUINARIA DE USO ESPECIAL.,-19.56,-9.67,9.70,3.71,14.20,-10.76,-2.02,25.67,-0.92,26.47,-6.02,-7.97,5.26
3,D293,FABRICACIÓN DE APARATOS DE USO DOMÉSTICO N.C.P.,-47.45,-56.40,-85.89,761.76,81.21,32.25,1.80,-6.21,23.81,-1.26,-32.84,69.81,-14.20
2,D30,"FABRICACIÓN DE MAQUINARIA DE OFICINA, CONTABILIDAD E INFORMÁTICA.",24.23,1.37,-52.31,38.93,-54.40,140.68,25.32,-28.04,-38.76,7.23,-15.42,117.48,21.56
3,D300,"FABRICACIÓN DE MAQUINARIA DE OFICINA, CONTABILIDAD E INFORMÁTICA.",24.23,1.37,-52.31,38.93,-54.40,140.68,25.32,-28.04,-38.76,7.23,-15.42,117.48,21.56
2,D31,FABRICACIÓN DE MAQUINARIA Y APARATOS ELÉCTRICOS N.C.P.,-10.79,-25.79,-42.03,66.33,43.80,-0.12,2.51,7.40,6.95,-6.09,7.48,-4.00,-3.43
3,D311,"FABRICACIÓN DE MOTORES, GENERADORES Y TRANSFORMADORES ELÉCTRICOS.",8.30,24.61,173.20,-70.79,10.52,-13.86,-0.16,18.95,34.93,-0.69,-25.10,-17.92,22.56
3,D312,FABRICACIÓN DE APARATOS DE DISTRIBUCIÓN Y CONTROL DE LA ENERGÍA ELÉCTRICA.,-26.77,-44.62,-81.42,593.95,115.37,-9.69,-3.62,6.99,12.66,1.39,52.38,-34.23,9.43
3,D313,FABRICACIÓN DE HILOS Y CABLES AISLADOS.,-2.92,-36.54,-80.48,349.52,72.84,-3.36,9.53,13.82,-18.73,9.38,8.56,3.58,-14.87
3,D314,"FABRICACIÓN DE ACUMULADORES, DE PILAS Y BATERÍAS PRIMARIAS.",-27.21,-5.98,18.77,16.29,-21.99,18.10,17.53,-22.45,93.75,-31.74,-20.87,-20.95,31.85
3,D315,FABRICACIÓN DE LÁMPARAS ELÉCTRICAS.,0.00,0.00,-100.00,0.00,0.00,0.00,0.00,0.00,0.00,-100.00,0.00,0.00,0.00
3,D319,FABRICACIÓN DE OTROS TIPOS DE EQUIPO ELÉCTRICO N.C.P.,-59.46,14.65,-12.45,41.74,5.07,13.74,-9.08,-1.85,113.64,-76.67,83.73,2.66,2.19
2,D32,"FABRICACIÓN DE EQUIPO Y APARATOS DE RADIO, TELEVISIÓN Y COMUNICACIONES.",-63.24,81.21,21.99,-40.15,1.84,-16.72,-1.66,16.86,1.33,10.63,2.13,83.49,-63.22
3,D322,FABRICACIÓN DE TRANSMISORES DE RADIO Y TELEVISIÓN Y DE APARATOS PARA TELEFONÍA Y TELEGRAFÍA CON HILOS.,-63.24,81.21,21.99,-40.15,1.84,-16.72,-1.66,16.86,1.33,10.63,2.13,83.49,-63.22
2,D33,"FABRICACIÓN DE INSTRUMENTOS MÉDICOS, ÓPTICOS Y DE PRECISIÓN Y FABRICACIÓN DE RELOJES.",-11.33,-25.78,-25.73,-14.58,501.92,-65.40,5.55,21.56,18.11,-1.26,9.90,-26.90,-4.20
3,D332,FABRICACIÓN DE INSTRUMENTOS ÓPTICOS Y DE EQUIPO FOTOGRÁFICO.,-11.33,-25.78,-25.73,-14.58,501.92,-65.40,5.55,21.56,18.11,-1.26,9.90,-26.90,-4.20
2,D34,"FABRICACIÓN DE VEHÍCULOS AUTOMOTORES, REMOLQUES Y SEMIREMOLQUES.",-41.74,-51.06,-77.91,91.64,101.72,51.47,46.65,49.06,28.95,11.21,-22.68,-5.16,29.38
3,D341,FABRICACIÓN DE VEHÍCULOS AUTOMOTORES.,-51.66,-57.43,-88.56,267.26,135.09,53.95,63.37,63.28,32.20,9.68,-24.02,-27.59,73.38
3,D342,FABRICACIÓN DE CARROCERÍAS PARA VEHÍCULOS AUTOMOTORES; FABRICACIÓN DE REMOLQUES Y SEMIREMOLQUES.,52.84,-67.10,-46.81,-49.06,308.72,30.21,18.95,7.46,14.75,55.14,-27.60,127.10,-69.82
3,D343,"FABRICACIÓN DE PARTES, PIEZAS Y ACCESORIOS PARA VEHÍCULOS AUTOMOTORES Y PARA SUS MOTORES.",-27.19,-45.00,-64.45,86.87,57.70,42.52,4.39,11.89,13.34,-0.80,-7.93,20.10,3.48
2,D35,FABRICACIÓN DE OTROS TIPOS DE EQUIPO DE TRANSPORTE.,-94.00,-85.19,1457.33,-51.10,-47.21,594.03,-67.74,-11.86,-2.76,54.46,230.62,-56.15,-13.65
3,D351,CONSTRUCCIÓN Y REPARACIÓN DE BUQUES.,-94.00,-85.19,1457.33,-51.10,-47.21,594.03,-67.74,-11.86,-2.76,54.46,230.62,-56.15,-13.65
2,D36,FABRICACIÓN DE MUEBLES; INDUSTRIAS MANUFACTURERAS N.C.P.,-12.85,-38.57,-44.06,85.39,56.64,-7.10,20.87,5.95,14.49,-15.22,-4.20,-6.20,13.19
3,D361,FABRICACIÓN DE MUEBLES.,-19.69,-37.83,-35.23,67.90,67.76,-0.61,13.78,-2.03,12.27,-16.87,0.10,-8.64,18.25
3,D369,INDUSTRIAS MANUFACTURERAS N.C.P.,2.15,-40.43,-60.86,140.84,30.50,-24.42,38.16,33.24,15.52,-5.89,-15.93,-1.43,0.88
2,D37,RECICLAMIENTO.,-17.84,-11.56,-17.95,32.45,27.24,9.24,-4.94,13.94,-18.75,22.82,-0.34,0.89,-10.65
3,D372,RECICLAMIENTO DE DESPERDICIOS Y DESECHOS NO METÁLICOS.,-17.84,-11.56,-17.95,32.45,27.24,9.24,-4.94,13.94,-18.75,22.82,-0.34,0.89,-10.65
1,E,"SUMINISTROS DE ELECTRICIDAD, GAS Y AGUA.",53.48,-11.52,-6.41,-2.78,7.23,-7.23,-0.49,-30.64,23.74,6.70,-22.32,22.97,30.86
2,E40,"SUMINISTROS DE ELECTRICIDAD, GAS, VAPOR Y AGUA CALIENTE.",53.50,-11.85,-5.71,-0.61,7.93,-8.55,-0.22,-33.28,28.25,8.44,-26.49,24.04,32.89
3,E401,"GENERACIÓN, CAPTACIÓN Y DISTRIBUCIÓN DE ENERGÍA ELÉCTRICA.",54.91,-11.82,-5.94,-0.58,8.18,-8.70,-0.17,-33.42,28.03,8.62,-27.14,24.37,34.11
3,E402,"FABRICACIÓN DE GAS, DISTRIBUCIÓN DE COMBUSTIBLES GASEOSOS POR TUBERÍAS.",-,-,-,-,-,-,-,-,-,-,-,-,-
2,E41,"CAPTACIÓN, DEPURACIÓN Y DISTRIBUCIÓN DE AGUA.",51.03,-8.86,-10.07,-16.06,1.27,2.99,1.05,-13.08,-0.86,-3.97,0.69,29.85,14.22
3,E410,"CAPTACIÓN, DEPURACIÓN Y DISTRIBUCIÓN DE AGUA.",51.03,-8.86,-10.07,-16.06,1.27,2.99,1.05,-13.08,-0.86,-3.97,0.69,29.85,14.22
1,F,CONSTRUCCIÓN.,-56.91,-19.46,-19.65,20.70,20.17,27.99,26.31,-26.52,16.70,-15.98,1.21,-3.86,8.71
2,F45,CONSTRUCCIÓN.,-56.91,-19.46,-19.65,20.70,20.17,27.99,26.31,-26.52,16.70,-15.98,1.21,-3.86,8.71
3,F452,CONSTRUCCIÓN DE EDIFICIOS COMPLETOS O DE PARTES DE EDIFICIOS; OBRAS DE INGENIERÍA CIVIL.,-57.66,-22.03,-5.87,2.96,18.31,31.30,27.24,-27.86,20.41,-14.66,2.26,-8.43,11.52
3,F453,ACONDICIONAMIENTO DE EDIFICIOS.,-42.76,11.35,-53.13,95.36,12.44,13.47,24.97,-19.13,-8.56,-30.67,13.46,36.25,-5.31
3,F455,ALQUILER DE EQUIPO DE CONSTRUCCIÓN O DEMOLICIÓN DOTADO DE OPERARIOS.,-34.20,-11.08,-19.91,-35.49,339.42,-38.70,-32.77,39.15,-6.95,-31.51,8.52,61.34,-63.29
1,G,"COMERCIO AL POR MAYOR Y AL POR MENOR; REPARACIÓN DE VEHÍCULOS AUTOMOTORES, MOTOCICLETAS, EFECTOS PERSONALES Y ENSERES DOMÉSTICOS.",-10.25,-20.18,-23.40,10.36,37.57,11.99,3.29,3.12,2.81,2.60,-2.23,-10.18,13.19
2,G50,"VENTA, MANTENIMIENTO Y REPARACIÓN DE VEHÍCULOS AUTOMOTORES Y MOTOCICLETAS; VENTA AL POR MENOR DE COMBUSTIBLES PARA AUTOMOTORES.",-3.04,-41.30,-43.46,54.80,62.71,16.63,7.94,15.82,4.24,3.55,-5.22,-6.75,8.87
3,G501,VENTA DE VEHÍCULOS AUTOMOTORES.,-8.79,-52.97,-64.57,112.56,106.94,29.91,12.97,23.21,6.79,5.53,-8.46,-5.05,9.02
3,G502,MANTENIMIENTO Y REPARACIÓN DE VEHÍCULOS AUTOMOTORES.,81.07,-23.32,-18.92,17.33,28.06,3.27,7.11,2.12,1.32,5.64,-2.94,-43.55,69.02
3,G503,"VENTA DE PARTES, PIEZAS Y ACCESORIOS DE VEHÍCULOS AUTOMOTORES.",5.86,-28.69,-28.67,41.09,52.84,-0.08,2.70,4.91,-2.23,4.37,-3.30,-13.56,10.13
3,G504,"VENTA, MANTENIMIENTO Y REPARACIÓN DE MOTOCICLETAS Y SUS PARTES, PIEZAS Y ACCESORIOS.",-18.71,-8.11,-14.08,44.71,112.72,1.11,5.36,-0.21,-8.00,-14.95,7.77,-34.37,-10.23
3,G505,VENTA AL POR MENOR DE COMBUSTIBLES PARA AUTOMOTORES.,2.29,-28.81,-29.85,28.83,33.09,9.21,1.98,11.54,3.43,0.30,0.67,-6.84,7.91
2,G51,"COMERCIO AL POR MAYOR Y EN COMISIÓN, EXCEPTO EL COMERCIO DE VEHÍCULOS AUTOMOTORES Y MOTOCICLETAS.",-6.92,-16.54,-21.11,5.19,35.62,13.18,2.36,0.91,2.65,2.49,0.52,-13.43,14.68
3,G511,VENTA AL POR MAYOR A CAMBIO DE UNA RETRIBUCIÓN O POR CONTRATA.,31.98,-18.20,-19.59,23.64,68.96,-0.95,-0.63,0.27,-3.48,1.60,15.85,-57.04,68.18
3,G512,"VENTA AL POR MAYOR DE MATERIAS PRIMAS AGROPECUARIAS, ANIMALES VIVOS, ALIMENTOS, BEBIDAS Y TABACO.",-7.12,-15.36,8.80,2.25,21.12,2.73,-3.83,2.79,0.14,-6.46,3.51,-21.82,17.66
3,G513,VENTA AL POR MAYOR DE ENSERES DOMÉSTICOS.,-12.40,-6.82,-17.08,0.15,29.58,6.79,-1.85,1.55,-0.07,-1.83,-9.10,-1.60,12.18
3,G514,"VENTA AL POR MAYOR DE  PRODUCTOS INTERMEDIOS, DESPERDICIOS Y DESECHOS NO AGROPECUARIOS.",2.93,-22.42,-43.65,-1.25,69.09,29.63,10.07,0.22,6.87,11.95,14.29,-17.41,13.13
3,G515,"VENTA AL POR MAYOR DE MAQUINARIA, EQUIPO Y MATERIALES.",-23.15,-32.14,-22.45,60.54,23.16,3.29,1.10,-1.21,-7.54,8.69,-12.47,0.04,10.50
3,G519,VENTA AL POR MAYOR DE OTROS PRODUCTOS.,-29.78,-15.60,-9.13,27.94,20.07,-3.24,-2.61,5.38,9.69,-1.72,5.44,-32.26,23.97
2,G52,"COMERCIO AL POR MENOR, EXCEPTO EL COMERCIO DE VEHÍCULOS AUTOMOTORES Y MOTOCICLETAS; REPARACIÓN DE EFECTOS PERSONALES Y ENSERES DO",-32.27,-12.81,-19.41,9.55,29.66,2.15,2.10,-1.04,3.19,1.56,-10.59,-1.04,12.83
3,G521,COMERCIO AL POR MENOR NO ESPECIALIZADO.,-43.98,-6.08,-20.40,4.95,13.41,-0.35,0.65,1.50,6.55,-1.35,-11.20,4.11,15.26
3,G522,"VENTA AL POR MENOR DE ALIMENTOS, BEBIDAS Y TABACO EN ALMACENES ESPECIALIZADOS.",-3.67,-26.62,7.09,11.63,39.27,18.91,-4.99,5.67,-13.73,5.08,15.55,-40.07,21.21
3,G523,COMERCIO AL POR MENOR DE OTROS PRODUCTOS NUEVOS EN ALMACENES ESPECIALIZADOS.,-19.57,-18.76,-20.85,16.15,45.25,3.00,4.08,-3.40,1.77,3.87,-13.00,0.01,9.84
3,G524,VENTA AL POR MENOR EN ALMACENES DE ARTÍCULOS USADOS.,9.56,-32.59,28.07,-6.24,-0.48,-10.33,-5.44,14.31,4.28,4.10,-37.72,72.13,9.38
3,G525,COMERCIO AL POR MENOR NO REALIZADO EN ALMACENES.,-,-,-,-,-,-,-,-,-,-,-,-,-
3,G526,REPARACIÓN DE EFECTOS PERSONALES Y ENSERES DOMÉSTICOS.,3.03,-21.57,12.45,-17.88,20.02,-1.65,-0.21,-3.30,1.81,0.33,-12.43,32.34,2.75
1,H,HOTELES Y RESTAURANTES.,-19.12,-38.01,-25.74,1.40,27.93,17.48,18.10,8.65,-0.41,21.81,0.01,-14.06,7.37
2,H55,HOTELES Y RESTAURANTES,-19.12,-38.01,-25.74,1.40,27.93,17.48,18.10,8.65,-0.41,21.81,0.01,-14.06,7.37
3,H551,"HOTELES, CAMPAMENTOS Y OTROS TIPOS DE HOSPEDAJE TEMPORAL.",-18.60,-35.69,-25.86,1.90,16.33,-0.77,13.44,21.82,-0.32,10.37,7.38,6.41,6.11
3,H552,"RESTAURANTES, BARES Y CANTINAS.",-18.76,-38.43,-25.97,1.67,29.55,22.18,17.29,6.47,0.57,22.85,-2.82,-15.65,8.32
1,I,"TRANSPORTE, ALMACENAMIENTO Y COMUNICACIONES.",-28.99,-20.00,-14.01,4.67,17.98,2.92,-1.36,11.55,3.82,-2.89,-0.11,-2.16,13.36
2,I60,"TRANSPORTE POR VÍA TERRESTRE, TRANSPORTE POR TUBERÍAS.",-23.10,-22.59,-10.54,-15.55,21.12,-5.15,36.22,0.35,3.80,4.20,-14.32,28.32,1.47
3,I602,OTROS TIPOS DE TRANSPORTE POR VÍA TERRESTRE.,-10.36,-23.95,-8.20,-0.45,22.75,7.93,8.69,0.11,4.31,10.01,2.01,-18.14,16.00
3,I603,TRANSPORTE POR TUBERÍAS.,-70.54,-7.13,-21.12,-62.01,36.75,-100.00,0.00,-0.29,0.96,-8.67,-36.81,466.05,-56.84
2,I61,TRANSPORTE POR VÍA ACUÁTICA.,19.50,-29.75,-7.61,-24.81,17.10,22.73,-49.70,68.16,34.06,-30.38,-2.08,15.23,-17.23
3,I611,TRANSPORTE MARÍTIMO Y DE CABOTAJE.,19.50,-29.75,-7.61,-24.81,17.10,22.73,-49.70,68.16,34.06,-30.38,-2.08,15.23,-17.23
2,I62,TRANSPORTE POR VÍA AÉREA.,4.37,-34.65,-47.47,58.91,23.19,-7.28,31.75,25.37,16.85,5.17,14.04,-11.26,18.08
3,I621,TRANSPORTE REGULAR POR VÍA AÉREA.,3.86,-35.93,-51.18,69.57,15.04,-10.82,33.52,27.27,19.31,6.46,15.56,-5.50,22.55
3,I622,TRANSPORTE NO REGULAR POR VÍA AÉREA.,13.86,-25.59,-18.01,3.90,82.99,14.12,17.04,12.47,4.64,0.88,9.87,-40.15,-3.85
2,I63,ACTIVIDADES DE TRANSPORTE COMPLEMENTARIAS Y AUXILIARES; ACTIVIDADES DE AGENCIAS DE VIAJES.,-0.10,-31.70,-20.39,25.26,31.51,-0.63,-4.49,23.77,-3.67,1.80,9.23,-25.47,34.66
3,I630,ACTIVIDADES DE TRANSPORTE COMPLEMENTARIAS Y AUXILIARES; ACTIVIDADES DE AGENCIAS DE VIAJES.,-0.10,-31.70,-20.39,25.26,31.51,-0.63,-4.49,23.77,-3.67,1.80,9.23,-25.47,34.66
2,I64,CORREO Y TELECOMUNICACIONES.,-48.63,-5.66,-6.68,1.37,5.90,3.51,-0.73,-0.50,-0.93,-2.27,-6.16,7.33,18.30
3,I641,ACTIVIDADES POSTALES Y DE CORREO.,2.08,-3.79,2.67,-18.31,38.69,-2.65,1.51,-1.87,1.40,2.81,13.98,-24.09,1.93
3,I642,TELECOMUNICACIONES.,-49.04,-5.69,-6.84,1.78,5.41,3.62,-0.77,-0.48,-0.97,-2.35,-6.48,7.90,18.61
1,J,INTERMEDIACIÓN FINANCIERA.,-4.40,-20.33,-9.09,1.56,7.36,17.57,-5.11,6.53,-0.34,-5.74,5.87,0.83,10.86
2,J65,"INTERMEDIACIÓN FINANCIERA, EXCEPTO LA FINANCIACIÓN DE PLANES DE SEGUROS Y DE PENSIONES.",-5.57,-23.07,-9.88,6.46,6.12,11.76,-11.96,22.78,-5.02,-4.59,10.04,-3.43,17.42
3,J651,INTERMEDIACIÓN MONETARIA.,-2.65,-29.81,-3.15,5.78,7.21,8.37,-13.59,25.69,-5.15,-4.94,3.87,4.02,19.81
3,J659,OTROS TIPOS DE INTERMEDIACIÓN FINANCIERA.,-14.99,8.98,-31.70,6.58,0.78,25.31,-2.73,13.07,-4.41,-4.07,46.49,-31.82,13.31
2,J66,"FINANCIACIÓN DE PLANES DE SEGUROS Y DE PENSIONES, EXCEPTO LOS PLANES DE SEGURIDAD SOCIAL DE AFILIACIÓN OBLIGATORIA.",3.70,-17.56,-12.56,-2.08,10.03,23.13,3.62,-9.62,6.35,-7.37,2.19,6.58,5.23
3,J660,"FINANCIACIÓN DE PLANES DE SEGUROS Y DE PENSIONES, EXCEPTO LOS PLANES DE SEGURIDAD SOCIAL DE AFILIACIÓN OBLIGATORIA.",3.70,-17.56,-12.56,-2.08,10.03,23.13,3.62,-9.62,6.35,-7.37,2.19,6.58,5.23
2,J67,ACTIVIDADES  AUXILIARES DE LA INTERMEDIACIÓN FINANCIERA.,-44.45,-12.42,6.57,-3.97,4.27,13.49,8.20,8.52,-17.97,7.81,-20.97,22.43,1.53
3,J671,ACTIVIDADES  AUXILIARES DE LA INTERMEDIACIÓN FINANCIERA. EXCEPTO LA FINANCIACIÓN DE PLANES DE SEGUROS Y DE PENSIONES.,-15.17,-11.22,-16.28,-4.04,7.64,18.63,5.17,-7.13,-6.84,13.01,-28.30,33.08,21.06
3,J672,ACTIVIDADES AUXILIARES DE LA FINANCIACIÓN DE PLANES DE SEGUROS Y DE PENSIONES.,-73.70,-13.19,98.21,-8.29,-1.72,6.67,11.87,61.36,-42.98,0.57,-15.53,17.85,-36.11
1,K,"ACTIVIDADES INMOBILIARIAS, EMPRESARIALES Y DE ALQUILER.",-39.11,-8.28,12.44,-30.17,49.37,1.90,4.21,4.67,-0.38,-8.02,18.61,-18.65,4.23
2,K70,ACTIVIDADES INMOBILIARIAS.,-2.62,-18.92,-25.13,0.46,30.78,16.59,7.07,12.82,0.72,2.69,-5.52,-10.49,18.61
3,K702,ACTIVIDADES INMOBILIARIAS REALIZADAS A CAMBIO DE UNA RETRIBUCIÓN O POR CONTRATA.,-2.62,-18.92,-25.13,0.46,30.78,16.59,7.07,12.82,0.72,2.69,-5.52,-10.49,18.61
2,K71,ALQUILER DE MAQUINARIA Y EQUIPO SIN OPERARIOS Y DE EFECTOS PERSONALES Y ENSERES DOMÉSTICOS.,-9.88,-12.60,-21.15,23.57,15.89,6.58,-0.52,5.36,8.54,-15.17,-4.23,-1.31,3.44
3,K711,ALQUILER DE EQUIPO DE TRANSPORTE.,-11.80,-13.84,-20.54,23.20,18.95,7.60,0.44,7.18,7.80,-18.16,-2.49,-1.68,3.24
3,K712,ALQUILER DE OTROS TIPOS DE MAQUINARIA Y EQUIPO.,-2.06,-5.18,6.52,-12.75,9.02,4.99,-10.00,-19.53,21.21,5.64,-5.57,15.14,-1.98
3,K713,ALQUILER DE EFECTOS PERSONALES Y ENSERES DOMÉSTICOS N.C.P.,5.36,7.31,-36.54,49.64,-16.86,-16.14,2.65,17.26,-9.10,26.60,-27.66,9.20,-2.69
2,K72,INFORMÁTICA Y ACTIVIDADES CONEXAS.,-26.78,-6.90,-9.83,-3.59,26.05,-4.67,3.12,18.96,-15.16,1.89,1.39,9.24,1.92
3,K722,CONSULTORES EN PROGRAMAS DE INFORMÁTICA Y SUMINISTRO DE PROGRAMAS DE INFORMÁTICA.,-38.26,-13.89,14.21,-11.06,38.48,-23.11,-4.44,26.19,-26.07,11.08,24.09,4.56,-12.00
3,K724,ACTIVIDADES RELACIONADAS CON BASES DE DATOS.,3.99,0.63,-5.95,-9.40,9.15,4.99,1.06,-2.41,5.54,-10.55,-14.27,22.51,3.80
3,K725,"MANTENIMIENTO Y REPARACIÓN DE MAQUINARIA DE OFICINA, CONTABILIDAD E INFORMÁTICA.",-42.24,-8.20,-20.11,-9.07,-3.46,71.30,4.00,26.73,-16.58,-26.23,25.62,-29.19,75.90
3,K729,OTRAS ACTIVIDADES DE INFORMÁTICA.,-9.93,-1.80,-22.90,9.49,13.25,0.86,9.17,2.89,2.59,10.63,-19.88,28.22,-5.31
2,K73,INVESTIGACIÓN Y DESARROLLO.,-30.15,-45.08,17.37,119.33,-26.54,-4.05,1.97,2.26,-0.15,-25.79,9.01,8.16,27.53
3,K731,INVESTIGACIÓN Y DESARROLLO DE LAS CIENCIAS NATURALES.,14.19,-7.79,3.55,-3.93,-13.61,28.12,-11.44,11.40,-5.98,-15.48,23.58,-13.79,15.69
3,K732,INVESTIGACIÓN Y DESARROLLO DE LAS CIENCIAS SOCIALES Y LAS HUMANIDADES.,-36.24,-55.12,23.85,168.61,-24.44,-13.03,6.85,-0.58,0.78,-28.08,5.24,15.76,31.10
2,K74,OTRAS ACTIVIDADES EMPRESARIALES.,-45.39,-5.69,23.36,-37.33,54.69,0.42,4.24,2.17,1.05,-9.42,26.50,-24.51,3.30
3,K741,"ACTIVIDADES JURÍDICAS Y DE CONTABILIDAD, TENEDURÍA DE LIBROS Y AUDITORIA ; ASESORAMIENTO EN MATERIA DE IMPUESTOS; ESTUDIO DE MERC",-26.54,-5.15,63.90,-52.58,42.77,-8.99,9.04,14.19,-11.75,1.66,-3.23,3.60,-3.62
3,K742,ACTIVIDADES DE ARQUITECTURA E INGENIERÍA Y OTRAS ACTIVIDADES TÉCNICAS,-70.74,9.63,-42.39,-0.93,161.44,8.82,-9.99,-1.35,13.73,-19.48,103.83,-64.10,15.45
3,K743,PUBLICIDAD.,-54.48,-14.95,-21.12,-1.26,6.77,19.07,16.33,6.07,-0.33,-11.95,-0.63,-3.52,43.70
3,K749,ACTIVIDADES EMPRESARIALES N.C.P.,-20.28,-11.97,1.12,-9.68,24.50,5.15,3.41,-4.52,9.97,2.20,2.07,-22.48,11.77
1,L,ADMINISTRACIÓN PÚBLICA Y DEFENSA; PLANES DE SEGURIDAD SOCIAL DE AFILIACIÓN OBLIGATORIA.,9.66,-32.67,-14.17,13.92,20.53,28.31,-1.65,-5.41,23.80,-10.65,-1.06,-7.89,12.94
2,L75,ADMINISTRACIÓN PÚBLICA Y DEFENSA; PLANES DE SEGURIDAD SOCIAL DE AFILIACIÓN OBLIGATORIA.,9.66,-32.67,-14.17,13.92,20.53,28.31,-1.65,-5.41,23.80,-10.65,-1.06,-7.89,12.94
3,L751,ADMINISTRACIÓN DEL ESTADO Y APLICACIÓN DE LA POLÍTICA ECONÓMICA Y SOCIAL DE LA COMUNIDAD.,8.89,-32.02,-20.24,22.57,21.95,25.97,3.62,-7.08,23.15,-9.30,-1.08,-11.04,14.45
3,L752,PRESTACIÓN DE SERVICIOS A LA COMUNIDAD EN GENERAL.,14.10,-30.96,12.13,-16.57,8.01,27.65,-34.25,15.44,29.63,-27.37,-5.91,49.17,-5.95
1,M,ENSEÑANZA.,58.30,-10.96,-24.12,23.47,4.28,27.75,-21.67,2.59,48.49,-33.11,16.77,-24.67,37.66
2,M80,ENSEÑANZA.,58.30,-10.96,-24.12,23.47,4.28,27.75,-21.67,2.59,48.49,-33.11,16.77,-24.67,37.66
3,M801,ENSEÑANZA PRIMARIA.,-11.18,-2.42,-30.30,41.95,3.55,13.86,6.10,-22.44,22.99,-10.96,14.75,-14.54,40.31
3,M802,ENSEÑANZA SECUNDARIA.,-7.42,-8.84,-38.09,-5.12,41.74,65.60,-42.80,-29.42,52.98,43.21,-20.29,11.26,36.62
3,M803,ENSEÑANZA SUPERIOR.,115.03,-14.72,-18.77,23.27,2.87,28.47,-29.20,9.46,63.12,-39.57,25.99,-32.60,34.42
3,M809,EDUCACIÓN DE ADULTOS Y OTROS TIPOS DE ENSEÑANZA.,35.46,-33.28,-30.96,80.16,12.81,-36.76,6.28,-10.39,-1.16,99.94,-23.27,-22.32,26.40
1,N,ACTIVIDADES DE SERVICIOS SOCIALES Y DE SALUD.,-11.58,-24.65,-4.98,-12.47,30.43,14.62,5.89,21.75,-11.90,5.64,-8.40,-9.30,18.93
2,N85,ACTIVIDADES DE SERVICIOS SOCIALES Y DE SALUD.,-11.58,-24.65,-4.98,-12.47,30.43,14.62,5.89,21.75,-11.90,5.64,-8.40,-9.30,18.93
3,N851,ACTIVIDADES RELACIONADAS CON LA SALUD HUMANA.,-11.51,-20.41,3.57,-8.45,17.58,10.47,5.46,23.25,-16.46,9.14,-13.06,-12.32,20.88
3,N853,ACTIVIDADES DE SERVICIOS SOCIALES.,-10.56,-37.32,-28.77,-32.84,129.83,23.20,12.54,15.15,6.29,-7.77,5.92,-5.51,13.85
1,O,OTRAS ACTIVIDADES COMUNITARIAS SOCIALES Y PERSONALES DE TIPO SERVICIOS.,-11.57,-23.78,-5.99,-7.96,24.43,10.31,-1.00,31.71,-7.97,-2.15,-4.14,-8.93,19.69
2,O90,"ELIMINACIÓN DE DESPERDICIOS Y DE AGUAS RESIDUALES, SANEAMIENTO Y ACTIVIDADES SIMILARES.",59.38,-29.18,15.81,-22.35,192.37,7.56,-3.03,-0.80,3.55,-30.39,16.42,-72.30,47.35
3,O900,"ELIMINACIÓN DE DESPERDICIOS Y DE AGUAS RESIDUALES, SANEAMIENTO Y ACTIVIDADES SIMILARES.",59.38,-29.18,15.81,-22.35,192.37,7.56,-3.03,-0.80,3.55,-30.39,16.42,-72.30,47.35
2,O91,ACTIVIDADES DE ASOCIACIONES N.C.P.,-1.00,-30.89,0.02,33.65,1.33,8.78,-16.63,29.60,8.50,1.12,3.37,-15.06,12.03
3,O911,"ACTIVIDADES DE ORGANIZACIONES EMPRESARIALES, PROFESIONALES Y DE EMPLEADORES.",176.83,-33.76,-28.08,48.63,35.60,-33.52,10.52,-5.68,21.51,-7.29,163.15,-61.87,109.84
3,O912,ACTIVIDADES DE SINDICATOS.,-4.22,-18.80,2.79,44.31,-22.03,17.34,-18.33,26.44,18.45,-0.95,-12.66,0.27,-1.70
3,O919,ACTIVIDADES DE OTRAS ASOCIACIONES.,-5.86,-45.40,0.57,10.51,54.86,10.52,-20.56,29.76,1.78,4.49,10.75,-28.66,30.21
2,O92,ACTIVIDADES DE ESPARCIMIENTO Y ACTIVIDADES CULTURALES Y DEPORTIVAS,-29.90,-13.20,-22.41,-39.20,27.10,12.48,20.23,70.14,-22.72,15.29,-13.01,7.17,34.59
3,O921,"ACTIVIDADES DE CINEMATOGRAFÍA, RADIO Y TELEVISIÓN Y OTRAS ACTIVIDADES DE ENTRETENIMIENTO.",-38.83,-35.72,-27.23,-41.20,42.91,18.46,18.30,113.75,-25.81,31.81,-14.35,-5.65,50.35
3,O924,ACTIVIDADES DEPORTIVAS Y OTRAS ACTIVIDADES DE ESPARCIMIENTO.,-8.41,32.85,-10.77,-39.14,17.61,8.57,9.98,30.72,-19.53,-5.84,-10.98,12.80,16.19
2,O93,OTRAS ACTIVIDADES DE TIPO SERVICIO.,-10.26,-44.52,26.26,-3.79,56.12,2.72,-16.07,21.90,-21.35,0.42,-19.84,20.14,28.26
3,O930,OTRAS ACTIVIDADES DE TIPO SERVICIO.,-10.26,-44.52,26.26,-3.79,56.12,2.72,-16.07,21.90,-21.35,0.42,-19.84,20.14,28.26
,,,,,,,,,,,,,,,
*  Datos provisionales,,,,,,,,,,,,,,,
 - Las variaciones de los últimos dos meses son consideradas como provisionales.,,,,,,,,,,,,,,,
"Los grupos E402 y G525 no tienen datos puesto que en el catastro del SRI de contribuyentes  especiales, ya no constan empresas que realicen estas actividades. ",,,,,,,,,,,,,,,
-Variaciones mensuales que presentan un guion (-) son aquellas que matemáticamente no se pueden calcular debido a que el valor de su índice precedente es cero.,,,,,,,,,,,,,,,
- Variaciones constantes representadas con valor cero (0),,,,,,,,,,,,,,,
Fuente: Índice del Nivel de Actividad Registada (INA-R),,,,,,,,,,,,,,,
